"days","temp","salt","DLI","pCO2","totAlk","B_stipe_gDW","B_fronds_gDW","B_gDW","B_kgWW","r_eff_th","r_eff_fr","fT","fL"
2023-05-04,7.88479166666667,22.634375,56.6574772457112,614.956428571429,0.0017101288396875,0.005,0,0.005,3.84615384615385e-05,0,0,0,0
2023-05-05,7.85291666666667,16.2066666666667,57.0182476366834,688.563333333333,0.00139664371933333,0.00598682109851822,0,0.00598682109851822,4.60524699886017e-05,0.197368331886574,0,0.98684165943287,0.85078690725828
2023-05-06,7.900625,20.8141666666667,57.3719897332243,651.759880952381,0.00162135564108333,0.00717374734961694,0,0.00717374734961694,5.51826719201303e-05,0.198261455078125,0,0.991307275390625,0.851570362704183
2023-05-07,7.95145833333333,23.405625,57.7186566284088,638.463244047619,0.0017477433963125,0.0086025094851374,0,0.0086025094851374,6.61731498856723e-05,0.199171336443866,0,0.995856682219329,0.8523302070968
2023-05-08,8.068125,25.9341666666667,58.0645101997085,644.339947916667,0.00187106264908333,0.010332384098983,0,0.010332384098983,7.94798776844843e-05,0.201096741536458,0,1.00548370768229,0.853080555921743
2023-05-09,8.05916666666667,29.0383333333333,58.4118350072261,633.2841015625,0.00202245565116667,0.012408658978292,0,0.012408658978292,9.54512229099385e-05,0.200956938657407,0,1.00478469328704,0.853826461474923
2023-05-10,8.09125,30.0308333333333,58.7516099413714,628.66515671503,0.00207086076941667,0.0149082720095479,0,0.0149082720095479,0.00011467901545806,0.2014514453125,0,1.0072572265625,0.854548860622644
2023-05-11,8.09458333333333,30.14625,59.0837917192392,598.573333333333,0.002076489744125,0.0179121296130947,0,0.0179121296130947,0.000137785612408421,0.201501838831018,0,1.00750919415509,0.855248246352189
2023-05-12,8.214375,30.09875,59.4214647619433,664.466666666667,0.002074173126375,0.0215514225805047,0,0.0215514225805047,0.00016578017369619,0.203189944661458,0,1.01594972330729,0.855952333557186
2023-05-13,8.40229166666667,30.02375,59.7515204961207,611.532827640296,0.002070515308875,0.0259767435086323,0,0.0259767435086323,0.000199821103912556,0.205356206235532,0,1.02678103117766,0.856633949641913
2023-05-14,8.51145833333333,29.9558333333333,60.0736739908388,607.249745371612,0.00206720295191667,0.0313363186416092,0,0.0313363186416092,0.000241048604935456,0.206344391999421,0,1.03172195999711,0.857293054146021
2023-05-15,8.55645833333333,29.9545833333333,60.3878849820418,609.418848381182,0.00206714198829167,0.0378124995189795,0,0.0378124995189795,0.000290865380915227,0.206693923249421,0,1.03346961624711,0.857930096883131
2023-05-16,8.61041666666667,29.9520833333333,60.6941150830201,595.656893809811,0.00206702006104167,0.0456410448956421,0,0.0456410448956421,0.000351084960735708,0.207068540219907,0,1.03534270109954,0.858545509930262
2023-05-17,8.58916666666667,29.9733333333333,60.9923277367232,554.426153846154,0.00206805644266667,0.0550836040616104,0,0.0550836040616104,0.000423720031243157,0.206926799768519,0,1.03463399884259,0.859139708207833
2023-05-18,8.60791666666667,30.0235416666667,61.2824881663671,700.048333333333,0.00207050514827083,0.0664861706442469,0,0.0664861706442469,0.000511432081878822,0.207052255497685,0,1.03526127748843,0.859713090027653
2023-05-19,8.559375,30.0210416666667,61.5645633280599,708.914,0.00207038322102083,0.0802260792150441,0,0.0802260792150441,0.00061712368626957,0.206715413411458,0,1.03357706705729,0.860266037617544
2023-05-20,8.56,30.0358333333333,61.8385218624851,685.354621794872,0.00207110462391667,0.0968048701142738,0,0.0968048701142738,0.000744652847032875,0.20672,0,1.0336,0.860798917617734
2023-05-21,8.448125,30.0683333333333,62.1043340479968,718.086738782051,0.00207268967816667,0.11671881950005,0,0.11671881950005,0.000897837073077308,0.205795283203125,0,1.02897641601562,0.861312081554717
2023-05-22,8.45520833333333,30.0364583333333,62.3619717536516,722.596340144231,0.00207113510572917,0.140734871320812,0,0.140734871320812,0.00108257593323702,0.205860016999421,0,1.02930008499711,0.861805866290599
2023-05-23,8.46854166666667,30.0460416666667,62.6114083931018,726.016925180288,0.00207160249352083,0.169706383724246,0,0.169706383724246,0.00130543372095574,0.205979600332755,0,1.02989800166377,0.862280594450637
2023-05-24,8.60166666666667,30.024375,62.8526188788532,778.03,0.0020705457906875,0.204812643231009,0,0.204812643231009,0.00157548187100776,0.207011087962963,0,1.03505543981481,0.862736574828847
2023-05-25,8.68833333333333,29.9791666666667,63.0855795776796,740.411649664463,0.00206834093958333,0.247279879781761,0,0.247279879781761,0.00190215292139816,0.207523865740741,0,1.0376193287037,0.863174102773976
2023-05-26,8.75125,29.7429166666667,63.3102682665335,744.865477044521,0.00205681881445833,0.298616062169739,0,0.298616062169739,0.00229704663207492,0.2078176953125,0,1.0390884765625,0.863593460555306
2023-05-27,8.81375,29.7814583333333,63.5266640890102,749.577615010579,0.00205869852622917,0.36066411429651,0,0.36066411429651,0.00277433934074239,0.2080442578125,0,1.0402212890625,0.863994917709116
2023-05-28,8.96458333333333,29.87375,63.7347475133763,742.464518763224,0.002063199673875,0.435685782280059,0,0.435685782280059,0.003351429094462,0.208322880497685,0,1.04161440248843,0.86437873136833
2023-05-29,8.97854166666667,29.903125,63.9345002909771,742.977736037915,0.0020646323190625,0.526287194962633,0,0.526287194962633,0.0040483630381741,0.208329496166088,0,1.04164748083044,0.864745146573738
2023-05-30,9.00625,22.5375,64.1259054158012,742.505800786263,0.00170540415875,0.635689737125068,0,0.635689737125068,0.00488992105480821,0.2083330078125,0,1.0416650390625,0.865094396568837
2023-05-31,9.02854166666667,13.0525,64.308947085346,740.737847230184,0.00124281217225,0.767769983305935,0,0.767769983305935,0.00590592294850719,0.208326544777199,0,1.041632723886,0.865426703079042
2023-06-01,9.11895833333333,15.411875,64.4841805589485,740.306179346924,0.0013578810144375,0.927120077004895,0.5,1.4271200770049,0.0109778467461915,0.208215407624421,0,1.04107703812211,0.865743303813542
2023-06-02,9.12041666666667,17.86375,64.6565889832864,735.003333333333,0.001477461164875,1.11941229674124,0.562540748135693,1.68195304487693,0.0129381003452072,0.208212498553241,0.135242348901922,1.0410624927662,0.866053349929519
2023-06-03,9.151875,20.5072916666667,64.8201878152981,733.66058997761,0.00160638907114583,1.35132118864682,0.632887666779371,1.98420885542619,0.0152631450417399,0.208141116536458,0.135241704076762,1.04070558268229,0.866346232320532
2023-06-04,9.05916666666667,24.2577083333333,64.9749655762462,731.891275664467,0.00178930026735417,1.63122197550116,0.712104229368523,2.34332620486968,0.0180255861913053,0.20830416087963,0.135390749217271,1.04152080439815,0.866622146163836
2023-06-05,9.03270833333333,28.2695833333333,65.128422995756,729.787549743853,0.00198496302179167,1.96873545447379,0.801246835486867,2.76998228996066,0.0213075560766204,0.208324418041088,0.13544648227833,1.04162209020544,0.866894583950406
2023-06-06,9.01958333333333,29.7520833333333,65.2727975381672,718.595,0.00205726588104167,2.37551764023659,0.901544759231428,3.27706239946802,0.0252081723036002,0.20833013744213,0.135490090647923,1.04165068721065,0.867149882466777
2023-06-07,9.05708333333333,29.9608333333333,65.4079979562652,742.85439385208,0.00206744680641667,2.86545436309507,1.01436553405002,3.87981989714509,0.0298447684395776,0.208306179108796,0.135511721303034,1.04153089554398,0.867388071941656
2023-06-08,9.038125,29.948125,65.5340129007305,791.14375,0.0020668270095625,3.45526167883445,1.1412806764187,4.59654235525316,0.035358018117332,0.208321220703125,0.135556073093157,1.04160610351562,0.867609311143811
2023-06-09,8.99916666666667,29.94625,65.6508322020059,789.238333333333,0.002066735564125,4.16474340796809,1.28402802038077,5.44877142834885,0.0419136263719142,0.208333327546296,0.135595894295378,1.04166663773148,0.867813747596357
2023-06-10,9.03208333333333,29.9514583333333,65.7584468450284,757.040657757892,0.00206698957922917,5.01730542561305,1.44453640382775,6.4618418294408,0.0497064756110831,0.208324755497685,0.135619652970061,1.04162377748843,0.868001517765326
2023-06-11,9.11625,29.9447916666667,65.8568489463262,760.587223734345,0.00206666443989583,6.04017047704069,1.62488464936504,7.66505512640573,0.0589619625108133,0.208220716145833,0.135578663375683,1.04110358072917,0.86817274723505
2023-06-12,9.18916666666667,29.9402083333333,65.9460317318121,752.948092167931,0.00206644090660417,7.26511099835409,1.82737210146343,9.09248309981752,0.069942177690904,0.208035133101852,0.13548197821559,1.04017566550926,0.868327550867793
2023-06-13,9.17604166666667,29.983125,66.0259895163393,743.87553187658,0.0020685339910625,8.73103494971133,2.05488467969194,10.7859196294033,0.0829686125338713,0.20807507776331,0.135529603005619,1.04037538881655,0.868466032949814
2023-06-14,9.10333333333333,30.0764583333333,66.0967176845892,740.584250406252,0.00207308594172917,10.4830736962794,2.31059352903865,12.793667225318,0.0984128248101385,0.208244351851852,0.135658953689828,1.04122175925926,0.868588287323395
2023-06-15,9.06958333333333,30.0625,66.1582126734327,735.583507074229,0.00207240518125,12.5712401104159,2.59770849005944,15.1689486004754,0.116684220003657,0.208292984664352,0.135707211613194,1.04146492332176,0.86869439750536
2023-06-16,9.11125,29.9266666666667,66.2104719555792,731.242360800804,0.00206578046733333,15.0518242859175,2.91973372102662,17.9715580069441,0.13824275389957,0.2082301953125,0.135680364718241,1.0411509765625,0.868784436791984
2023-06-17,9.16458333333333,29.796875,66.2534940252562,728.08406803186,0.0020594504109375,17.9877556474142,3.28055705396513,21.2683127013794,0.163602405395226,0.208107602719907,0.135612039713686,1.04053801359954,0.868858468351786
2023-06-18,9.20270833333333,29.843125,66.2872783846527,724.959022438262,0.0020617060650625,21.4486161112003,3.68453309089715,25.1331492020975,0.193331916939211,0.207990911096644,0.135545057943577,1.03995455548322,0.868916545304207
2023-06-19,9.169375,29.899375,66.3118255324641,722.30290127927,0.0020644494281875,25.5130321831184,4.13691385329793,29.6499460364163,0.228076507972433,0.208094267578125,0.135618994857581,1.04047133789062,0.868958710786628
2023-06-20,9.28916666666667,29.80875,66.3271369537484,720.068036398886,0.002060029565375,30.24728215418,4.64153810065344,34.8888202548334,0.268375540421796,0.207636521990741,0.135324766986463,1.0381826099537,0.868984998008511
2023-06-21,9.35625,29.6604166666667,66.3332151112965,718.064028490643,0.00205279521520833,35.7265927300335,5.2039220131876,40.9305147432211,0.314850113409393,0.207275716145833,0.135091237606093,1.03637858072917,0.868995430293095
2023-06-22,9.34041666666667,29.7327083333333,66.3300634387797,704.926153846154,0.00205632094485417,42.0321988632317,5.83120335494775,47.8634022181795,0.368180017062919,0.20736763744213,0.135150305728341,1.03683818721065,0.868990021107208
2023-06-23,9.3975,29.760625,66.3176863347938,818.316666666667,0.0020576824658125,49.2095293662891,6.52824447338951,55.7377738396786,0.428752106459066,0.207016614583333,0.134918230341149,1.03508307291667,0.868968774077721
2023-06-24,9.46458333333333,29.786875,66.2960891596535,696.698795584199,0.0020589627019375,57.2889145296592,7.30083630459485,64.5897508342541,0.49684423718657,0.206534686053241,0.13459839926226,1.0326734302662,0.868931682997873
2023-06-25,9.50083333333333,29.8197916666667,66.2652782324742,691.357487357588,0.00206056807739583,66.2837292692899,8.15624234288491,74.4399716121748,0.572615166247499,0.206243049768519,0.134400149647053,1.03121524884259,0.868878731819247
2023-06-26,9.57333333333333,29.8216666666667,66.2252608304886,687.965320735447,0.00206065952283333,76.1472729609487,9.09955694472414,85.2468299056729,0.655744845428253,0.205594074074074,0.133966624375056,1.02797037037037,0.868809894632723
2023-06-27,9.703125,23.1247916666667,66.1760451899539,655.377484252642,0.00173404690189583,86.7633565697532,10.1332776113098,96.896634181063,0.745358724469715,0.204213460286458,0.133054024489733,1.02106730143229,0.868725135637275
2023-06-28,9.81208333333333,15.216875,66.1176405083407,545.488333333333,0.0013483706889375,97.9994633467138,11.2628472835707,109.262310630285,0.84047931254065,0.202837672164352,0.132142314844629,1.01418836082176,0.86862440909602
2023-06-29,9.748125,17.28375,66.0500569480326,668.48099886607,0.001449174042875,109.808185600425,12.508357139871,122.316542740296,0.940896482617658,0.203669241536458,0.132666222175594,1.01834620768229,0.868507659279817
2023-06-30,9.80041666666667,21.0210416666667,65.9733056421574,663.609918398726,0.00163144512102083,121.899145313596,13.86838407208,135.767529385676,1.04436561065904,0.202994442997685,0.132206447235144,1.01497221498843,0.868374820399403
2023-07-01,9.59875,24.776875,65.8873987008012,665.668026935246,0.0018146204929375,134.215748994164,15.374285246303,149.590034240467,1.15069257108051,0.2053458203125,0.133714906882787,1.0267291015625,0.86822581652289
2023-07-02,9.48979166666667,28.476875,65.792349219911,695.712950335725,0.0019950728229375,146.420770504034,17.0283402908257,163.449110794859,1.25730085226815,0.206334201027199,0.13433293679753,1.031671005136,0.868060561482465
2023-07-03,9.49041666666667,29.8666666666667,65.6881712911484,702.520938203138,0.00206285421333333,158.198857297626,18.8334652741774,177.032322571803,1.36178709670618,0.206329095775463,0.134301510603726,1.03164547887731,0.867878958767108
2023-07-04,9.39208333333333,30.1122916666667,65.5792535963634,712.248693154242,0.00207483356564583,169.361356310673,20.8083956891168,190.16975199979,1.46284424615223,0.207052255497685,0.134742654811377,1.03526127748843,0.867688558378656
2023-07-05,9.321875,30.1129166666667,65.4632238238125,723.89385970899,0.00207486404745833,179.701198057103,22.9639306331878,202.665128690291,1.55896252838685,0.207469970703125,0.134982834425762,1.03734985351563,0.867485120654963
2023-07-06,9.324375,30.125,65.338436183376,730.939087052307,0.0020754533625,189.065331569555,25.3096581054047,214.37498967496,1.64903838211508,0.207456507161458,0.134939923504007,1.03728253580729,0.867265628189312
2023-07-07,9.3575,30.1464583333333,65.2049041913189,738.043624264599,0.00207649990472917,197.379381294544,27.8583612189963,225.23774251354,1.73259801933492,0.20726828125,0.134780855379033,1.03634140625,0.867029948278901
2023-07-08,9.42020833333333,27.44125,65.0626423504129,744.492357042188,0.001944564459625,204.627463276577,30.6228636274895,235.250326904067,1.80961789926205,0.20686187463831,0.134477481848076,1.03430937319155,0.866777937907951
2023-07-09,9.4575,27.841875,64.9116661729064,749.641981375488,0.0019641033014375,210.855008468827,33.6219462759348,244.476954744762,1.88059195957509,0.206589114583333,0.134258564044992,1.03294557291667,0.866509443576937
2023-07-10,9.50729166666667,29.7922916666667,64.7519922045933,754.317704956283,0.00205922687764583,216.131433069442,36.8718911894276,253.003324258869,1.94617941737592,0.206188793041088,0.133954307362767,1.03094396520544,0.866224301117883
2023-07-11,9.574375,27.3864583333333,64.5836380501462,758.386225129204,0.00194189222072917,220.547083841212,40.3880978618774,260.935181703089,2.00719370540838,0.205584111328125,0.133514905366539,1.02792055664063,0.865922335495668
2023-07-12,9.72541666666667,24.0070833333333,64.4066223999237,785.092857142857,0.00177707706054167,224.189452393386,44.1688511201119,268.358303513498,2.06429464241152,0.203948088831019,0.132403613309347,1.01974044415509,0.865603360595357
2023-07-13,9.82416666666667,25.7620833333333,64.2209650578037,917.531666666667,0.00186266999004167,227.179189651005,48.2372042071098,275.416393858115,2.11858764506242,0.20267291087963,0.131524663391542,1.01336455439815,0.865267178994346
2023-07-14,9.871875,27.8183333333333,64.0266869702358,726.467687234682,0.00196295515316667,229.627008955183,52.6247167050879,282.251725660271,2.17116712046362,0.201998616536458,0.13103351019816,1.00999308268229,0.864913581719242
2023-07-15,9.93333333333333,29.1177083333333,63.8238102565287,718.488052761051,0.00202632684135417,231.618919523101,57.3456328574039,288.964552380505,2.22280424908081,0.201074074074074,0.130377789089489,1.00537037037037,0.864542347987035
2023-07-16,9.855625,29.6652083333333,63.6123582401119,701.8368516656,0.00205302890910417,233.250890539486,62.478363303158,295.729253842644,2.27484041417419,0.202232548828125,0.131069934975154,1.01116274414063,0.864153244929587
2023-07-17,9.78041666666667,29.9139583333333,63.3989875342423,647.913147915333,0.00206516067047917,234.580283336196,68.0527850627215,302.633068398918,2.32794667999168,0.203257915219907,0.13167428938224,1.01628957609954,0.863758338691869
2023-07-18,9.7425,29.9664583333333,63.1793450280118,628.274513085496,0.00206772114272917,235.655663060676,74.0856922588279,309.741355319504,2.38262581015003,0.203739114583333,0.131923534684222,1.01869557291667,0.863349419208765
2023-07-19,9.83666666666667,29.900625,62.9516036470641,605.721128166607,0.0020645103918125,236.5155615506,80.5478574967293,317.063419047329,2.43894937728715,0.202499907407407,0.131056343579686,1.01249953703704,0.862922821431322
2023-07-20,9.860625,29.8247916666667,62.7157898561944,581.692197291859,0.00206081193189583,237.205825164729,87.4922798968436,324.698105061572,2.49767773124286,0.202161038411458,0.130769629545353,1.01080519205729,0.862478286768577
2023-07-21,9.81583333333333,20.5133333333333,62.4719312989455,565.136959635991,0.00160668372866667,237.761887924038,94.9839564349962,332.745844359034,2.55958341814641,0.202786799768519,0.131104030171501,1.01393399884259,0.862015544214626
2023-07-22,9.763125,18.9679166666667,62.2200568346662,549.352571273614,0.00153131236695833,238.209058400483,103.059336879204,341.268395279687,2.62514150215144,0.203480335286458,0.131478967697757,1.01740167643229,0.861534310020095
2023-07-23,9.95145833333333,22.0354166666667,61.9601965760064,535.260432050366,0.00168091710270833,238.562020624895,111.591247610829,350.153268235724,2.69348667873634,0.200789391999421,0.129664913284948,1.00394695999711,0.861034287344703
2023-07-24,10.2927083333333,23.9922916666667,61.6923819278883,523.652490739993,0.00177635565764583,238.8360576733,120.390672294822,359.226729968122,2.76328253821632,0.194407543041088,0.125467979363032,0.97203771520544,0.860515165892263
2023-07-25,10.6939583333333,23.25625,61.4166456266124,513.281373515993,0.001740458243125,239.04601887797,129.219816463512,368.265835341482,2.8328141180114,0.184420876374421,0.118948231652347,0.922104381872107,0.859976621524861
2023-07-26,10.8264583333333,24.3010416666667,61.1330217802331,504.263574076588,0.00179141367302083,239.21397775678,138.349368512474,377.563346269253,2.90433343284041,0.18053374963831,0.116365508302217,0.902668748191551,0.859418315857645
2023-07-27,10.6320833333333,26.7870833333333,60.8415459093518,496.514359583144,0.00191266016254167,239.356106838437,148.333907569403,387.69001440784,2.98223088006031,0.186135866608796,0.119895681216646,0.930679333043981,0.858839895831806
2023-07-28,10.516875,28.0929166666667,60.5422549885082,489.729826793931,0.00197634682945833,239.473815086008,159.075922165111,398.549737251118,3.06576720962399,0.189159085286458,0.121758060931048,0.945795426432292,0.858240993265255
2023-07-29,10.0370833333333,28.0389583333333,60.2351874883496,483.841940113416,0.00197371523297917,239.574520552664,171.108999608252,410.683520160916,3.15910400123782,0.199370484664352,0.128238269372375,0.996852423321759,0.857621224380461
2023-07-30,9.708125,27.8833333333333,59.9203834178071,478.736531622623,0.00196612526166667,239.657161201493,184.165691986445,423.822853187938,3.26017579375337,0.204154658203125,0.131217373226108,1.02077329101563,0.856980189306954
2023-07-31,9.628125,29.9791666666667,59.609818221088,474.292074632492,0.00206834093958333,239.723268789016,198.010582122157,437.733850911173,3.36718346854748,0.205045491536458,0.131691815787264,1.02522745768229,0.8563421043819
2023-08-01,9.674375,30.0541666666667,59.2925205141845,470.432636592133,0.00207199875708333,239.775725307744,212.540719634514,452.316444942258,3.4793572687866,0.204543486328125,0.131268484345333,1.02271743164063,0.855684279835759
2023-08-02,9.57708333333333,30.101875,58.9677872402586,444.86,0.0020743255354375,239.817679887361,227.870369772063,467.688049659424,3.59760038199557,0.205558123553241,0.131814882500522,1.0277906177662,0.855004772515556
2023-08-03,9.62083333333333,30.1216666666667,58.6356600316846,554.668677806156,0.00207529079283333,239.85095269274,243.866936823271,483.71788951601,3.72090684243085,0.205121383101852,0.131426881586447,1.02560691550926,0.854303142194835
2023-08-04,9.61041666666667,30.1604166666667,58.2961823149991,829.09,0.00207718066520833,239.877422605741,260.552035041442,500.429457647183,3.84945736651679,0.20522826244213,0.131383890701999,1.02614131221065,0.85357893133942
2023-08-05,9.61083333333333,30.2008333333333,57.9493993574787,583.633669451539,0.00207915182241667,239.898464952939,277.884056922855,517.782521875794,3.98294247596765,0.205224021990741,0.131266158206082,1.0261201099537,0.852831664524502
2023-08-06,9.65041666666667,30.216875,57.5953583141888,618.327086814424,0.0020799341889375,239.915158307984,295.780739752689,535.695898060673,4.12073767738979,0.204807984664352,0.130881648790752,1.02403992332176,0.852060847824503
2023-08-07,9.64833333333333,30.2004166666667,57.234108274461,634.241689066491,0.00207913150120833,239.928436277655,314.234458306973,554.162894584628,4.26279149680483,0.204830532407407,0.130773946110781,1.02415266203704,0.85126596817231
2023-08-08,9.705,30.0966666666667,56.8815651201529,585.529611333113,0.00207407152033333,239.938962887013,333.117748863052,573.056711750065,4.40812855192357,0.204191458333333,0.130245864984999,1.02095729166667,0.850481967907973
2023-08-09,9.844375,29.87875,56.5226267798371,505.916,0.002063443528375,239.947267046986,352.231544437199,592.178811484185,4.55522162680143,0.202391923828125,0.128975550059657,1.01195961914063,0.849675208510693
2023-08-10,10.070625,22.6952083333333,56.1569558884849,620.155,0.00171309573610417,239.9537728601,371.285516003613,611.239288863713,4.70184068356702,0.198781350911458,0.126550814702742,0.993906754557292,0.848844314770829
2023-08-11,10.0810416666667,13.93375,55.7846039961403,647.627652833278,0.001285791527875,239.958980858545,390.578958651725,630.537939510271,4.8502918423867,0.198594574291088,0.126304473345242,0.99297287145544,0.847988748239836
2023-08-12,10.3270833333333,15.889375,55.405624640337,663.15216320832,0.0013811691191875,239.963051007619,409.475839946906,649.438890954525,4.99568377657327,0.193657081886574,0.123036340302757,0.96828540943287,0.847107950501358
2023-08-13,10.2847916666667,19.0375,55.020073392722,702.461204010399,0.00153470600875,239.96634866873,428.57839310052,668.54474176925,5.14265185976346,0.194577586443866,0.123488861148208,0.972887932219329,0.846201342474656
2023-08-14,10.1052083333333,22.8947916666667,54.6280079052622,723.037755012999,0.00172282959489583,239.969053584677,448.133887259146,688.102940843824,5.29309954495249,0.198154287832755,0.125620157030725,0.990771439163773,0.845268323686242
2023-08-15,9.965625,26.6402083333333,54.2294879559727,741.89028055793,0.00190549693660417,239.971248931193,467.928361977212,707.899610908405,5.44538162237235,0.200563069661458,0.127002794005704,1.00281534830729,0.844308271508335
2023-08-16,9.94,28.9066666666667,53.8245754937447,761.574809895332,0.00201603414933333,239.973007569359,487.637569731676,727.610577301035,5.59700444077719,0.20097,0.127111596747377,1.00485,0.84332054036176
2023-08-17,9.85416666666667,30.023125,53.413334682524,878.91,0.0020704848270625,239.974421770516,507.284914875227,747.259336645743,5.74814874342879,0.202253327546296,0.127769160015429,1.01126663773148,0.842304460882485
2023-08-18,9.895625,30.3635416666667,52.9958319448026,983.948,0.00208708725427083,239.975546587645,526.55916700882,766.534713596465,5.89642087381896,0.201648798828125,0.127229201416813,1.00824399414062,0.841259339050208
2023-08-19,9.88875,30.3983333333333,52.572136003989,822.037845330976,0.00208878407516667,239.976445051495,545.470881394027,785.447326445522,6.0419025111194,0.201751028645833,0.127131058578182,1.00875514322917,0.840184455276347
2023-08-20,9.87166666666667,30.3345833333333,52.1508202643782,837.153604189887,0.00208567493029167,239.977163146298,563.967628033376,803.944791179674,6.18419070138211,0.202001643518519,0.127124847581631,1.01000821759259,0.839101077709645
2023-08-21,9.94583333333333,30.3233333333333,51.7298736634295,826.714505237358,0.00208512625766667,239.977733001989,581.824039755607,821.801772757596,6.32155209813535,0.200878327546296,0.126252613471414,1.00439163773148,0.838003880349357
2023-08-22,9.91958333333333,30.1666666666667,51.3030386447119,663.718571428571,0.00207748548333333,239.978189313518,599.168436566481,839.146625879999,6.45497404523076,0.20128638744213,0.12633880238931,1.00643193721065,0.836875949038089
2023-08-23,10.0260416666667,20.5366666666667,50.8726803377418,755.504670213954,0.00160782171633333,239.978550651967,615.70938438503,855.687935036997,6.58221488489998,0.199560320818866,0.12508281653758,0.997801604094329,0.835722692930282
2023-08-24,10.505,18.04375,50.4547107487959,694.432,0.001486239926875,239.978825241069,630.49837642125,870.47720166232,6.69597847432553,0.189458125,0.118589454537353,0.947290625,0.834586918436308
2023-08-25,10.8085416666667,19.86,50.0313108574996,987.52,0.001574820074,239.979037961235,643.785444534326,883.764482495561,6.79818832688893,0.181076475332755,0.113184602713306,0.905382376663773,0.833420262573681
2023-08-26,10.9472916666667,21.24875,49.6025557440403,823.519167553489,0.001642550661375,239.979207985313,656.058263751285,896.037471736598,6.89259593643537,0.176733793041088,0.110311307691526,0.88366896520544,0.832221959693399
2023-08-27,10.669375,23.2429166666667,49.168523017164,840.522791888372,0.00173980796445833,239.979354594583,668.66502039405,908.644374988632,6.98957211529717,0.185109892578125,0.115368521341475,0.925549462890625,0.830991218133007
2023-08-28,10.2297916666667,25.770625,48.7292928487413,877.045489860465,0.0018630865748125,239.979480919512,681.74770698741,921.727187906922,7.09020913774555,0.195730103804977,0.121801946077301,0.978650519024884,0.829727219332348
2023-08-29,9.85583333333333,28.0166666666667,48.2849480063264,849.426862325581,0.00197262804833333,239.979585892713,694.789103270354,934.768689163066,7.19052837817743,0.202229577546296,0.125649652755602,1.01114788773148,0.82842911691515
2023-08-30,9.70875,29.2960416666667,47.8355738842641,855.903786018605,0.00203502431852083,239.979670431443,707.282711890163,947.262382321606,7.2866337101662,0.204147278645833,0.126637053655889,1.02073639322917,0.827096035737258
2023-08-31,9.578125,30.0547916666667,47.3812585326522,856.62,0.00207202923889583,239.979738173539,719.166345289891,959.14608346343,7.37804679587254,0.205548095703125,0.127294970245322,1.02774047851562,0.825727070898774
2023-09-01,9.52916666666667,22.598125,46.9220926846689,998.115,0.0017083608945625,239.979792109693,730.352009417073,970.331801526766,7.46409078097513,0.205999855324074,0.127357549353785,1.02999927662037,0.824321286720835
2023-09-02,9.5475,22.2566666666667,46.4581697821389,895.325053647508,0.00169170766433333,239.979834900833,740.799188295859,980.779023196693,7.54445402458994,0.205835364583333,0.127033000961796,1.02917682291667,0.822877715686002
2023-09-03,9.51625,26.9185416666667,45.9895859985542,905.180370554734,0.00191907150377083,239.979868929793,750.568579093403,990.548448023196,7.61960344633227,0.2061123828125,0.126974815749225,1.0305619140625,0.821395357339162
2023-09-04,9.45020833333333,29.3885416666667,45.5164402605464,917.320463193418,0.00203953562677083,239.979896014685,759.702874113911,999.682770128596,7.68986746252766,0.206644270471644,0.127066570928779,1.03322135235822,0.819873177151334
2023-09-05,9.44416666666667,30.1333333333333,45.0388342667663,897.121828991772,0.00207585978666667,239.979917507328,768.18626345965,1008.16618096698,7.75512446897676,0.206689299768518,0.126851957000059,1.03344649884259,0.818310105342507
2023-09-06,9.56979166666667,30.2452083333333,44.5569156906132,897.571022827838,0.00208131603110417,239.97993447011,775.965082379174,1015.94501684928,7.81496166807141,0.20562781213831,0.125952974610719,1.02813906069155,0.816705180756387
2023-09-07,9.876875,15.2075,44.0934004548285,870.661428571429,0.00134791346175,239.979947702278,782.891006844194,1022.87095454647,7.86823811189594,0.201925751953125,0.123447495001446,1.00962875976563,0.815134565105578
2023-09-08,10.0214583333333,0.491875,43.625866961217,938.68757009776,0.0006302191864375,239.979958142916,789.131514897287,1029.1114730402,7.91624210030925,0.199638523943866,0.121807872479818,0.998192619719329,0.813522828316563
2023-09-09,10.0658333333333,0.5925,43.1677312280789,949.079005374257,0.00063512675825,239.979966466893,794.842030537175,1034.82199700407,7.9601692077236,0.19886666087963,0.121097266642586,0.994333304398148,0.811915991729984
2023-09-10,9.88583333333333,1.96333333333333,42.7082568806395,961.956001010861,0.000701983533666667,239.979973233677,800.30358708894,1040.28356032262,8.0021812332509,0.20179416087963,0.122631785367758,1.00897080439815,0.810276404650499
2023-09-11,9.87770833333333,5.31458333333333,42.2451270004466,984.779644120719,0.000865427012291667,239.97997863816,805.336568442784,1045.31654708094,8.04089651600727,0.201913567346644,0.122449663519804,1.00956783673322,0.808594589119967
2023-09-12,9.77604166666667,8.28958333333333,41.7784518729699,996.302662626459,0.00101052043979167,239.979982981335,810.04843181967,1050.02841480101,8.07714165231542,0.203314661096644,0.123036294198227,1.01657330548322,0.806869467157238
2023-09-13,9.72354166666667,18.115625,41.3083445811239,1008.10857693951,0.0014897453353125,239.979986452644,814.409269910624,1054.38925636327,8.11068658740976,0.203970728804977,0.123162614464452,1.01985364402488,0.805099929034176
2023-09-14,9.66395833333333,27.2754166666667,40.8349210051848,1089.396,0.00193647661870833,239.979989225241,818.442611534891,1058.42260076013,8.14171231353948,0.204659661096643,0.123300001188803,1.02329830548322,0.803284832507558
2023-09-15,9.565,28.864375,40.3582998199609,1121.61,0.0020139715466875,239.97999144132,822.187922164586,1062.16791360591,8.17052241235312,0.205673125,0.123623379959227,1.028365625,0.801423002052261
2023-09-16,9.43,29.9085416666667,39.8786024891211,1085.68078709202,0.00206489649477083,239.979993211191,825.668656563355,1065.64864977455,8.19729730595804,0.2067925,0.124000004416176,1.0339625,0.79951322809854
2023-09-17,9.415625,30.2297916666667,39.3959532568745,1105.07383963015,0.00208056414639583,239.979994615753,828.844658934132,1068.82465354989,8.22172810422989,0.206893798828125,0.12375677394133,1.03446899414063,0.797554266277708
2023-09-18,9.43666666666667,30.2985416666667,38.910479136677,1108.99329953768,0.00208391714577083,239.979995728916,831.725068114096,1071.70506384301,8.24388510648471,0.206744351851852,0.123355801221208,1.03372175925926,0.795544836678952
2023-09-19,9.39104166666667,30.3210416666667,38.4223098971481,1105.83912442211,0.00208501449102083,239.979996613282,834.357437843402,1074.33743445668,8.26413411120527,0.207059053457755,0.123223475953476,1.03529526728877,0.79348362312247
2023-09-20,9.4825,14.3420833333333,37.9444155419863,1110.87870875463,0.00130570631204167,239.979997312278,836.71017213531,1076.69016944759,8.28223207267376,0.20639328125,0.122508622854613,1.03196640625,0.791425134982765
2023-09-21,9.53333333333333,8.14895833333333,37.4747950996979,1112.32992603575,0.00100366203197917,239.979997865849,838.819225478364,1078.79922334421,8.29845556418626,0.205962962962963,0.121934488905453,1.02981481481481,0.789361913432174
2023-09-22,9.5725,12.33,37.0028873575999,1123.60857142857,0.001207575197,239.979998304635,840.708119245484,1080.68811755012,8.3129855196163,0.20560203125,0.121394704089504,1.02801015625,0.787247112631197
2023-09-23,9.555625,15.0841666666667,36.5288231040212,1087.00430155474,0.00134189838408333,239.979998653474,842.420489795071,1082.40048844855,8.32615760345035,0.205760673828125,0.121153858317484,1.02880336914063,0.785079455423927
2023-09-24,9.674375,22.2016666666667,36.0527357449852,1081.03569975476,0.00168902526483333,239.979998928897,843.903455408567,1083.88345433746,8.33756503336511,0.204543486328125,0.120096322319172,1.02271743164063,0.78285763400953
2023-09-25,9.669375,29.2927083333333,35.5747612784722,1073.21214318452,0.00203486174885417,239.979999148044,845.237941045351,1085.2179401934,8.34783030917997,0.204599475911458,0.119779741721139,1.02299737955729,0.780580309814511
2023-09-26,9.54375,29.8225,35.0950382653368,1060.6130361235,0.00206070016525,239.979999323436,846.492886792061,1086.4728861155,8.35748373934998,0.205869466145833,0.120162833927665,1.02934733072917,0.778246113438012
2023-09-27,9.48208333333333,20.728125,34.6137077975693,1001.2,0.0016171593115625,239.979999463077,847.638299247246,1087.61829871032,8.36629460546402,0.206396630497685,0.120100183516449,1.03198315248843,0.775853644683062
2023-09-28,9.46166666666667,15.5202083333333,34.136974949761,1078.24379482701,0.00136316452860417,239.979999573982,848.665744323496,1088.64574389748,8.3741980299806,0.206557199074074,0.119818552446852,1.03278599537037,0.773432592256662
2023-09-29,9.42270833333333,20.1252083333333,33.6692296097141,1177.95,0.00158775452310417,239.979999662101,849.590844894442,1089.57084455654,8.38131418889649,0.206844313874421,0.119608625333165,1.03422156937211,0.771005806849051
2023-09-30,9.37708333333333,24.01,33.2003401743343,1085.797931609,0.001777219309,239.979999732097,850.422179211115,1090.40217894321,8.38770906879394,0.207148401331019,0.119398320065404,1.03574200665509,0.768520341283306
2023-10-01,9.35208333333333,27.0495833333333,32.7304555897159,1113.99724214534,0.00192546252379167,239.979999787633,851.16005918434,1091.14005897197,8.39338506901517,0.207300311053241,0.119090123151449,1.0365015552662,0.76597487993068
2023-10-02,9.34875,29.1166666666667,32.2597270802688,1125.91505791811,0.00202627603833333,239.979999831661,851.805836709102,1091.78583654076,8.3983525887751,0.207319778645833,0.118695977344214,1.03659889322917,0.76336808846385
2023-10-03,9.35479166666667,30.0570833333333,31.7914942859495,1108.57007722415,0.00207214100554167,239.979999866555,852.364499307864,1092.34449917442,8.40264999364937,0.207284357277199,0.118263528964559,1.036421786386,0.760716859474392
2023-10-04,9.36395833333333,30.3329166666667,31.3424911445032,1116.1607924292,0.00208559364545833,239.979999894209,852.843342085098,1092.82334197931,8.40633339984082,0.20722945276331,0.117828300405487,1.03614726381655,0.758118107468481
2023-10-05,9.39833333333333,30.3289583333333,30.8930003130676,1116.88197585715,0.00208540059397917,239.979999916109,853.241486623085,1093.22148653919,8.40939605030149,0.207011087962963,0.117291349796202,1.03505543981481,0.755459371446403
2023-10-06,9.489375,30.289375,30.4431717778986,1113.8709485035,0.0020834700791875,239.979999933419,853.545732785608,1093.52573271903,8.41173640553097,0.206337600911458,0.116488842602717,1.03168800455729,0.752739472192811
2023-10-07,9.58729166666667,30.105,29.9931575488748,1115.63790559662,0.0020744779445,239.979999947098,853.754904716407,1093.73490466351,8.41334542048851,0.205459070818866,0.115564136316033,1.02729535409433,0.749957227363726
2023-10-08,9.70125,29.7725,29.5431115982619,1115.46360998576,0.00205826162025,239.979999957903,853.862009330891,1093.84200928879,8.41416930222149,0.204235403645833,0.114439957018142,1.02117701822917,0.747111453908965
2023-10-09,9.74875,29.6608333333333,29.0931897958774,1114.99082136196,0.00205281553641667,239.979999966476,853.902580496685,1093.88258046316,8.41448138817816,0.2036614453125,0.113673783979712,1.0183072265625,0.744200970751828
2023-10-10,9.64,29.769375,28.6435498413906,1115.36411231478,0.0020581092111875,239.979999973346,853.958357913845,1093.93835788719,8.41491044528608,0.20492,0.113918809042956,1.0246,0.741224601749989
